Temp,Time ,machineUsages ,rate ,humidity ,EfficiencyFactor,power
31.23620357,14,75.78397138,892.1410641,60.21564911,1,278.8319917
48.52142919,11,95.96959866,294.1666113,53.04491691,0.9,235.5644222
41.95981825,15,74.84817415,710.0318803,71.43544919,0.9,261.4976263
37.95975453,23,99.60790074,646.97691,71.47813578,1,266.1047401
24.68055921,18,92.57124789,365.7713298,65.46944109,1,218.6252316
24.67983561,7,60.42552572,222.9408133,35.27006887,1.2,175.3307356
21.74250837,20,96.52976073,686.4757844,71.9426931,0.9,255.8754518
45.98528437,16,55.81831989,764.7377123,63.55064903,0.9,237.5527225
38.03345035,22,90.87248542,384.0646094,64.8512083,1,225.7196794
41.24217733,4,69.03116467,680.3493436,48.14914202,0.9,240.1795191
20.61753483,21,93.89871602,455.6178169,73.96397781,0.9,222.9833892
49.09729556,15,93.40283451,741.886195,66.26858001,1,265.4347251
44.97327922,5,90.29627001,279.2937474,35.62952333,0.9,215.9498686
26.37017332,7,89.50152182,901.1935024,50.38890172,1,252.9036402
25.45474902,17,65.23395695,358.6686368,74.3190181,0.9,196.8047975
25.5021353,11,54.04596415,431.007389,32.35983508,0.9,184.6945806
29.12726729,14,70.14900894,152.2827569,78.07083098,0.9,196.6653097
35.74269295,8,58.67622575,200.3609911,63.95812842,1.2,185.0385698
32.95835056,12,84.74755445,564.2757124,61.56879888,0.9,230.0303452
28.73687421,14,67.30498633,340.8334091,43.52796282,1,190.0494253
38.35558684,9,98.78051004,851.9322032,42.43958944,0.9,269.0386278
24.18481582,15,82.04860387,113.2240498,77.10291097,1,201.047182
28.76433946,6,91.12402818,441.1846438,44.91362271,0.9,204.8008335
30.9908553,16,56.62623364,403.6109921,68.77526484,1,210.8545797
33.68209953,22,93.10072411,117.3948678,49.65608991,1,194.8509788
43.55527884,20,96.13785953,211.9315591,36.96270354,1.2,194.3654658
25.99021346,21,74.35309594,472.2784074,30.53576488,0.9,220.0260219
35.42703315,6,80.31264689,543.578126,57.21286685,0.9,236.4124271
37.77243707,13,88.24049005,463.8607725,78.78894093,0.9,230.2836212
21.39351238,14,58.74193136,577.8439106,48.45680969,1.2,188.2130763
38.22634556,20,75.12830382,635.6185074,47.8596167,1,238.3564325
25.11572371,6,69.93315139,108.931439,47.20458089,1,169.666217
21.95154779,8,57.31869961,517.6856435,56.02719187,0.9,195.4901806
48.46656612,18,68.37672111,967.1493168,52.03324417,0.9,265.8503743
48.96896099,15,53.40861547,567.1290521,73.99573134,0.9,244.4761998
44.25192044,7,51.29059535,709.7880407,55.27603959,1.2,217.0515009
29.13841308,17,56.75831446,380.6774721,55.38789191,1,199.51683
22.93016342,22,98.15575558,796.5922403,36.91857974,1.2,244.2824367
40.5269908,17,77.47647679,795.6293337,79.13697705,0.9,270.4354058
33.20457481,19,98.29110806,569.1664429,42.49864454,1,232.4324014
23.66114705,6,71.62489392,978.412441,33.66820337,1,255.6158194
34.8553073,2,65.59080665,212.9951933,63.15731245,0.9,184.4986138
21.03165563,17,75.30709314,115.2528984,59.76831851,1.2,171.4426073
47.27961206,9,71.97558443,793.1423906,50.7572827,1.2,261.2437445
27.76339945,6,55.28323421,826.4399836,51.10961169,1.2,237.3379372
39.87566853,16,82.04131573,208.1865062,69.25319605,1,208.3188706
29.35133228,13,60.80190913,339.0245497,39.785632,0.9,181.440952
35.60204064,23,80.97939774,115.797127,71.01266595,0.9,186.9480982
36.40130838,2,82.51005462,363.9777497,62.43735569,1.2,207.7716573
25.54563367,11,57.60124266,795.8276865,50.94848869,0.9,232.339546
49.08753883,12,53.06748136,566.1644749,52.90143083,1,241.8764772
43.2539847,1,89.0380793,413.2860339,42.83236036,1,219.7587513
48.18496825,2,72.99002119,434.5653654,67.60571663,1,217.3456421
46.84482051,4,52.90818978,101.2182631,55.64373712,1.2,184.1613556
37.93699936,10,99.74331586,369.8204748,46.04272714,0.9,235.4825574
47.65622705,7,52.88902805,681.8128675,59.80250579,0.9,229.0794156
22.65477506,22,84.75176144,976.7749994,79.7867226,0.9,292.841325
25.87948587,22,99.18394626,862.3547443,51.76311398,1,266.2117365
21.35681867,11,61.95900521,121.2354682,76.03457004,0.9,184.3377833
29.75990992,6,57.11246843,908.7045442,47.250842,0.9,263.0805855
31.66031869,14,56.06924697,804.878572,32.73663535,1.2,241.3979027
28.14047095,23,65.16375738,802.3385112,40.21210532,1.2,234.2863822
44.86212527,16,55.05229055,512.1961831,50.93475717,0.9,233.0928724
30.7025998,3,84.60806708,458.2047637,40.98174643,0.9,218.5271114
28.42803529,21,53.11458991,372.6241559,30.01135191,1.2,194.4703916
36.28088249,12,75.47110641,159.1253731,75.75007689,0.9,208.3965744
24.22772675,17,99.83484269,305.4118271,72.19397056,0.9,201.5900107
44.06590942,0,90.69851348,321.9432715,67.11461157,0.9,231.8737062
22.23651931,15,80.76097191,535.6693627,38.39072978,1,211.4349374
49.6066081,12,65.31268104,772.6999659,36.01817881,0.9,252.7989836
43.16734308,9,81.19479181,526.4288456,33.38023747,1.2,227.0591537
25.96147045,11,76.3520732,152.0600045,66.20145944,1,184.8813534
20.16566351,1,71.30416919,962.0108209,76.44039803,1,276.15307
44.46384285,22,56.53551884,948.4518872,51.52679105,0.9,251.4775835
41.20572032,2,94.33021076,806.6705888,35.9570336,1,244.360417
41.87021504,9,72.48923244,992.1951114,55.61964104,1,256.313291
43.1381104,1,59.73112559,590.0340995,47.44159537,1,238.3033823
22.22133955,22,68.38796754,966.4915152,48.74124622,1,245.5082059
30.75397186,12,70.70648763,168.0445366,61.06653121,1,186.402699
23.47607179,12,91.37689478,429.1126734,65.93590566,1.2,214.0141726
45.89310278,17,86.68071903,302.8431412,35.53017994,1.2,200.1344584
38.6989438,2,88.46524468,276.2497757,31.77951154,1,210.8653808
29.92694075,6,50.55156322,226.722654,79.71651513,0.9,185.5299245
21.90675051,13,70.80769991,660.1722774,41.63641745,0.9,220.0600526
29.32946965,19,74.06720758,803.1896702,32.69152625,0.9,243.9523175
29.75549966,16,50.95961384,620.4685595,39.49376645,1,220.3869134
41.88818535,20,62.99066044,232.2664386,31.94789232,1,178.2271276
39.12672414,11,88.01449116,830.0113929,49.59054473,1,271.9161111
46.61638228,15,56.85548529,672.3592364,70.12008922,1.2,256.4913341
34.16644775,23,76.76550657,449.3491355,47.06222249,1.2,198.5082681
23.58782738,11,60.7600936,706.717266,52.20917034,1.2,226.3677762
41.39734362,14,50.60603873,333.9144813,63.77933868,0.9,198.8969219
42.82355146,9,62.06007288,410.6729876,55.4447035,1,219.9818932
36.83831593,6,98.79368775,925.7372588,73.0722843,0.9,272.1963157
43.1290154,19,90.07685559,361.4540551,73.30178375,0.9,244.966963
34.81386789,4,97.97883222,522.9894413,30.49553477,0.9,213.2091669
35.68198488,0,74.3927022,901.1270237,68.90231532,0.9,265.0825266
32.82623055,16,55.48680993,736.9492152,53.03668001,1,237.9532757
20.7625738,2,77.39797445,155.9829035,79.44202707,1.2,175.8765763
23.23674281,12,72.71886673,232.5727399,54.16160379,0.9,177.0205673
20.94287557,13,92.21785414,107.0574317,79.34479727,1,189.5947662
39.09231234,23,54.90412904,667.8296112,67.72846806,1,236.6050151
29.43067943,17,74.41205685,502.9060829,42.43024423,0.9,214.8296352
35.25712073,3,57.50243323,220.8473658,56.91974896,1,194.7044596
47.22699422,17,66.23379634,962.140709,79.60678197,0.9,278.0498721
27.47876687,4,86.86785387,576.6937516,72.87653039,1,238.1452012
32.31148769,15,73.80090647,317.7039647,34.86834469,1,189.9145152
42.66653416,0,68.79441426,550.543214,65.31859984,0.9,225.687041
26.86394496,20,69.72381393,711.6582995,47.27897929,0.9,229.8550004
22.30939729,13,72.97233842,168.6152962,30.34911309,1,165.3122987
28.69254359,14,89.25082719,347.2334335,50.17404845,1.2,200.8669683
24.83663862,8,94.60423445,826.2689418,41.73772109,0.9,264.9729128
47.89092957,14,97.76673433,513.6983834,70.94346353,1,247.3079537
44.24361139,16,89.34516931,591.9194278,46.86653044,1,236.690309
39.0021127,23,65.77034479,489.534402,71.3761847,1.2,222.7339459
46.14381771,3,84.4067353,139.5099484,30.02989694,1.2,191.1206651
44.11016231,11,71.8801562,249.1748018,45.3909575,1,187.8941631
25.59710177,4,62.7335311,500.9874749,42.05826072,1,201.5766099
46.77676995,4,92.04357897,288.2669189,41.67836805,1.2,209.3865645
36.18026726,10,51.92131745,144.9811258,33.40933099,0.9,168.7043417
44.22320465,5,95.08809961,859.2846976,39.35621352,0.9,278.9132311
46.882739,6,73.07387323,983.0732762,57.77747849,0.9,282.0504177
29.54010425,23,81.86007384,813.8285866,44.56805364,1.2,259.5947685
23.30155774,13,82.96769611,868.4064295,50.86973912,1.2,250.1100554
26.83805488,23,94.75588704,317.7794173,48.84334402,0.9,224.0402052
32.81323366,10,81.83348411,964.564278,73.79524625,1,271.1545805
44.54044298,12,80.69667924,277.233134,75.26494995,1,208.5878686
45.8219175,1,53.33260203,956.2868293,54.64784858,0.9,271.8198993
20.20856392,6,75.9204011,995.3373646,46.50779752,1.2,269.2539468
35.32241908,19,57.50845004,740.5505252,35.3400352,0.9,218.8811903
32.52233009,3,86.87168844,983.0293586,77.67014397,0.9,280.0877809
26.66323431,7,75.61109604,612.5858016,33.01134725,1,214.1903004
23.59596102,19,84.01138896,333.5876049,44.88251388,1,199.1344881
30.12845514,21,52.08364503,493.2962971,44.90331006,0.9,204.0453886
48.28729112,20,54.2396008,634.2048418,46.02006431,1,246.4299492
29.69608796,18,85.8161694,165.7734058,38.21434216,1,183.6225504
35.56371865,12,53.6042168,660.1089382,69.15807155,0.9,246.7592396
41.09056877,13,53.56283639,983.0600531,36.1248931,0.9,256.6463431
30.90888807,9,50.60542376,271.0968848,61.74533296,1,194.9279295
49.15346248,10,97.82506991,813.3356047,36.19230134,0.9,273.7131861
48.87341885,1,86.87541797,917.1089144,33.52678188,1.2,289.6042241
27.55346887,8,67.66257043,949.3314335,75.47147518,1.2,246.6784976
34.91745518,16,64.82677906,964.122044,39.50643832,1.2,244.9729124
29.02634929,2,67.48516149,569.3136748,71.06250773,0.9,244.5300028
28.54521483,23,88.73267656,979.5771172,57.23154356,1.2,262.997034
21.10660842,5,83.06853055,781.5791864,33.89282598,1,230.0472849
38.28693002,4,59.25977839,245.5042926,77.77240957,0.9,190.3843495
35.0803707,4,58.70546677,529.2100958,42.34805835,0.9,225.5269166
21.54436254,21,54.91978249,746.4980578,72.98226727,0.9,219.7052911
28.35939393,14,83.01513599,322.6062842,38.44050029,1,198.2123658
47.24797658,22,88.21863311,676.5536652,72.69714411,1,258.7159894
27.18685672,16,63.25232142,699.9404311,30.66144065,0.9,233.9332772
24.34684616,8,51.04724805,246.4297694,55.58902283,1,170.6839581
34.68358281,2,54.10858337,608.5767812,68.47212897,0.9,231.3532005
49.56951362,19,98.39300174,794.4642199,76.73977587,1,269.6083048
27.26165815,16,64.77223887,549.0060981,75.46010681,0.9,245.4734982
40.16406642,9,88.46115739,110.8928051,70.98124348,1.2,194.3495621
42.84858846,2,81.23317844,108.1346222,74.40956748,1.2,196.1194273
27.12912632,17,69.09698198,421.3264096,39.96098429,1,216.9202719
41.84649046,17,60.28436311,933.5746616,44.20921479,0.9,255.3728768
31.03349398,16,56.06932091,305.8091016,44.44842625,0.9,204.4507171
38.96917492,23,80.7506484,670.92732,48.85269655,1.2,237.1844934
39.00589132,2,88.73168903,299.8682836,49.66603352,0.9,218.1741778
36.07324052,2,82.19521268,389.5029907,57.22776623,0.9,211.3480113
22.7086931,5,76.51510666,863.2378806,37.99398817,0.9,231.5861279
45.05907487,12,52.09756117,755.975298,64.56233319,1,251.2082137
29.62340195,23,98.42443888,185.8593496,38.37832697,1,199.4094081
25.59555531,14,89.93570958,485.8318189,45.51542411,1.2,202.5232507
21.22325425,8,64.64110184,126.2527873,55.16725653,0.9,166.4040268
37.7267883,3,98.99851647,532.8011319,69.82202808,0.9,256.9150001
40.32693086,13,80.09407948,696.1906105,66.97346166,1.2,256.0208735
20.49763487,4,79.12113291,206.6523612,62.27671782,1.2,179.3547758
35.36279175,1,87.40365897,359.996445,37.78866303,0.9,204.3530493
26.79487326,10,90.5884894,458.052963,57.35226728,1,239.223563
39.35518371,8,82.82393037,927.5779222,34.37232509,0.9,252.4962812
25.23099287,23,56.40478732,993.9295139,48.86815884,1.2,249.8486013
40.72813214,2,66.9133753,140.4201691,50.67582651,0.9,171.6369895
31.60206039,8,96.40418202,784.9071311,31.99057197,1.2,262.7197705
48.10189966,2,61.23078059,434.5516598,43.69940497,1,215.5906614
24.12562832,1,68.60835119,453.2123676,77.78247336,1,214.0423979
30.23199053,11,71.60384415,778.838476,77.68163039,0.9,279.8647743
23.40420564,9,71.97024948,926.5837889,47.61635271,1,245.7170472
47.74080855,8,80.64697912,955.8357351,32.15500545,1,291.2319707
46.3201806,14,97.15379189,619.4103274,38.95474697,0.9,246.3531781
27.73824883,7,62.03463559,421.4090434,49.61088967,1,197.8969635
39.79952138,4,56.07506882,808.7941773,77.3889849,1.2,278.3550173
44.51666601,10,59.87352449,325.9012449,37.05995318,1,197.6473017
36.65602435,1,94.34624501,607.666626,68.17579218,1,233.9736282
35.88951735,23,82.29054063,422.7206154,35.43412697,0.9,216.5783717
27.25556873,14,64.29533946,690.9679663,79.06287887,1,235.0404168
22.79308303,5,90.79734695,316.3590216,49.08082496,0.9,204.664248
46.91647274,7,93.06849982,272.4336512,68.76172694,1,220.6033334
47.01254171,4,92.32571693,926.415178,47.12955414,1.2,300.708722
38.99304372,15,95.94632668,191.6233147,61.38344386,1,212.3123213
30.17089373,17,62.61205101,555.362117,39.60080424,0.9,203.1095472
30.47628724,5,87.75209644,298.7675047,37.30105096,0.9,201.5696118
41.77867037,4,73.02697486,135.036967,76.90320698,1,188.5147843
46.9133078,15,92.09992764,132.4169365,75.8823639,1,207.1098745
46.61259273,12,86.42453386,257.6995949,74.37344701,1.2,207.4799276
43.39626638,4,88.82237232,880.0933191,61.27167251,1.2,294.5902182
39.26094938,12,82.80809188,354.2308696,70.41341056,1,212.4460694
22.52419895,16,58.87143847,955.4132535,33.45184685,0.9,250.9076013
24.84886142,17,77.25134594,623.4600637,46.73945209,0.9,222.6378099
46.95662566,7,99.23348698,492.9527708,45.68515624,0.9,229.5987362
38.19287179,12,96.86940332,622.0799512,61.7822661,0.9,252.7081671
20.27591155,18,52.15868679,565.0285467,47.79788867,1,207.1492123
23.04414629,2,58.24074079,782.8986284,37.42533908,1,232.6594173
39.90505307,23,56.58643867,354.2464594,59.82335377,1,177.3667223
20.15184752,7,86.2989955,417.7453524,70.71919603,0.9,200.9128127
24.82424154,1,90.88926649,904.6848723,49.10617472,0.9,271.0799133
36.46201368,7,60.67556832,951.8108618,36.61343575,0.9,247.4364424
40.75685593,12,75.29263465,903.3024047,39.83440987,0.9,265.561806
39.55883779,12,92.0351514,477.5031946,41.87416526,1.2,213.396968
26.72807928,0,86.64007724,802.3289527,44.99487965,0.9,256.7498722
41.36537664,5,77.11186027,528.70216,62.13975353,1,242.4730695
27.11747262,23,79.51738452,547.7858669,60.04727423,0.9,232.5645384
29.76199094,18,75.41802735,284.2120982,64.80399308,1.2,207.7065823
42.39474215,15,64.87742257,632.0172729,48.12509923,1,249.6327635
39.48898697,7,78.25109964,267.522308,71.19988259,0.9,198.0881937
45.47670231,0,84.4442651,398.4082292,40.20438306,1,212.6189129
39.72838677,15,93.66614579,869.5271815,53.45203738,1,280.5795474
37.0492581,8,81.8145677,286.3682283,70.04693608,1.2,219.4997917
22.81024303,12,88.05607685,164.0424567,39.00793239,0.9,174.6394287
31.03147409,10,58.00358175,162.1068334,35.49315569,1.2,161.2467395
27.95607103,12,73.07787372,946.7060685,74.18419838,1.2,257.3075251
27.3196893,20,50.46658099,556.2283942,47.14648314,1.2,188.8048767
49.19031664,9,62.33394323,468.4708646,64.19350625,1,213.9102514
31.79293174,3,86.32308576,829.7907229,31.26743021,1,238.4822632
46.76139666,5,99.59049757,852.2433351,64.50234442,1,278.8384182
38.93415878,6,54.95890498,398.9719298,45.80506558,1,204.9738573
43.84433911,4,70.07471579,724.2562517,32.78704268,1,246.7092955
35.07911279,10,90.00354843,794.0105343,60.49063808,1,255.5276868
37.30711654,12,60.20178173,689.1856182,42.0401908,1,226.637332
34.77553081,18,77.75424747,236.4355673,49.3403621,1,196.3798287
25.85728963,22,86.6535648,888.2947752,34.02904061,1.2,236.0906582
41.67356346,9,80.79927251,585.1850975,37.35816255,0.9,244.0588509
28.42317087,9,59.40123673,354.2251837,44.89886177,1.2,202.1851848
20.72947899,10,67.76922843,482.7053669,34.48797503,1,192.8293202
39.36416888,20,89.18958922,133.8139814,75.54131323,1.2,196.1455602
25.31332038,6,77.71132571,215.0801211,30.30235216,1,192.1381592
48.21375753,17,50.26148068,788.9920755,54.19301094,0.9,248.6283413
48.61785731,3,88.049538,100.0104713,36.16237291,1.2,197.6512683
47.44593171,1,51.76556775,474.9092456,45.38395447,0.9,215.0225862
31.10476101,13,87.28668914,570.259163,76.30297799,1.2,252.007037
20.4636985,12,60.12402801,149.170978,38.08472766,1,167.6762852
47.84955688,11,97.90367401,975.7703467,78.29161599,1,303.7725597
32.84552445,6,68.39703757,303.5127981,40.28971885,0.9,199.5761992
48.99964457,1,66.34658082,373.7788477,67.07830542,1,214.3232451
48.90859931,12,57.44440252,373.548261,57.33386324,0.9,208.7716744
45.59028366,13,65.28021077,307.3749959,74.22393638,0.9,220.8094692
28.83346676,16,93.83253809,101.3264399,57.69966278,0.9,189.6897136
31.55293186,8,99.81671688,756.4103147,56.72796096,0.9,247.0340136
45.53410015,16,68.41547653,970.1609498,39.77290002,1.2,286.3140276
29.50766015,7,72.43053155,301.864135,38.3114681,1.2,199.2819665
25.0847824,1,86.10354691,696.7424726,75.82445756,0.9,246.9174471
36.70403787,23,94.30978902,767.7066943,46.39190994,1,254.4713574
48.08464322,12,79.65221671,863.5828412,48.60411275,0.9,272.2200995
40.8808939,2,69.57628491,480.3662773,67.99118292,1,231.1020412
37.1018351,15,70.63109204,372.6378151,46.94117412,1.2,184.0131405
22.91529481,5,84.78090732,392.7656206,77.60312233,1.2,232.4036854
38.4502168,18,50.16091318,741.3591998,66.89638845,1,232.1466235
49.7016155,6,80.97946687,835.1015199,59.87146213,1,271.7035601
24.20252046,9,67.77465052,263.452571,74.04475803,0.9,193.156695
35.54988957,8,89.70986656,433.8469073,32.48029542,1.2,234.3921265
46.32119216,1,54.64953199,911.7461771,42.85313461,0.9,258.5310394
42.22305853,14,79.41011335,826.0241677,53.25181671,1,277.9465382
40.91047223,4,74.04864449,986.3725625,41.34892697,1,274.8619091
41.07452252,21,82.1162763,778.8234337,67.19525937,1,252.3398287
30.78473454,3,53.24267972,453.8756809,75.96040155,0.9,211.7718907
28.80775533,19,78.99918937,631.5740506,51.188506,1.2,227.8746686
44.28083466,3,78.0742294,694.9128288,47.10663001,0.9,238.2443495
44.30340184,17,78.03300472,170.6102347,78.07753661,1,208.520736
46.01216956,3,80.17438333,590.0472632,52.24262164,0.9,242.7954676
47.39721658,16,83.82339686,738.3887456,54.45242002,0.9,266.5682893
35.34027197,11,90.24944998,250.5891736,47.58249362,1,204.6641358
35.04548884,21,63.49103601,802.5685457,75.47742365,1,246.1709618
43.94885537,16,91.25247051,625.3955025,58.44777416,0.9,259.542542
39.49891792,9,74.91278411,956.9996071,68.10872936,0.9,269.9441231
41.05900632,21,53.85291396,138.1800684,70.59033592,1,153.7720644
43.87378008,0,52.92754646,338.7935238,47.0924521,1,200.8564148
46.70016025,21,66.71191593,641.3984914,51.68471657,1.2,232.820613
30.13985471,23,89.24484886,366.903921,72.42358872,0.9,221.973082
31.26748858,17,85.38404674,742.9817477,48.16276758,0.9,267.4417366
22.8194582,17,89.43074823,783.1047543,69.69675667,0.9,273.46784
37.34840423,13,75.86345282,192.2643677,77.04961613,0.9,199.5005422
21.07826821,14,72.0099499,562.4690178,61.16051865,1,209.1974952
33.96794054,11,57.37262634,558.0015,67.08136437,1,227.6320577
36.27933904,3,66.40963768,432.3526932,70.2548656,0.9,213.8377632
28.59623756,2,71.70096831,939.6323763,72.25198244,0.9,269.2840718
37.72499782,19,54.43002148,844.7556879,49.75266689,0.9,241.1877702
20.9150075,11,61.03059764,727.4884437,32.56317296,1.2,220.2720252
21.12044566,6,79.9112647,742.8939722,50.09381356,1.2,226.0497886
44.67801682,10,86.78315571,515.5445294,63.68781149,0.9,252.6373219
30.80571924,0,99.91737557,928.895069,52.51751929,0.9,268.348249
23.81181538,5,96.65566657,725.1358845,67.44815754,1.2,254.7363467
35.6672978,14,82.12825998,756.0829555,47.84912147,1.2,234.9133274
43.09980659,14,71.06240266,875.5218134,61.73720706,1,273.8961286
26.47463082,18,81.80886824,346.6644304,39.32099024,0.9,189.8830382
38.68671427,10,89.2825809,826.3638135,67.46847183,0.9,272.0793528
22.56042395,22,55.91680955,275.7165427,57.28479844,1,190.9958475
21.55045164,1,70.49524448,410.807757,40.20321943,0.9,194.6298961
35.94063895,13,91.99011428,402.0494088,44.59555867,0.9,209.0395077
36.21905365,1,69.1916476,980.6729216,67.43043543,1,276.8356146
39.12289704,3,78.59361356,870.8835014,54.13006178,0.9,256.5126791
41.78274001,16,79.38846804,731.0528754,40.80157202,1,244.4237292
49.27556238,2,59.22381266,754.3510855,78.36355952,0.9,261.6311592
35.48901045,12,68.11177208,605.865515,65.75625099,0.9,247.3672816
29.68869419,8,66.72556444,952.3816004,77.85674163,1,265.9744536
43.85558584,6,51.30983543,546.6328776,51.35525227,0.9,222.0378249
28.12496754,14,51.20958819,442.4659389,53.75501703,1.2,203.8529961
33.16914262,22,91.58485218,246.7318032,74.89776081,1,209.9739677
22.35369144,10,63.6535405,807.585087,56.25246701,0.9,244.6992742
20.7605223,19,75.90393831,760.9995389,65.3639456,1,251.05486
48.87945244,1,64.93627868,445.9195347,42.60864387,0.9,216.6688764
45.07940362,14,97.03396226,122.6740726,52.33632344,1.2,167.798702
40.87922618,13,62.96483794,855.0975949,36.17249329,0.9,243.3680365
32.26858833,19,71.48284064,110.2761851,40.29900179,1,186.7604301
25.1988296,21,93.63651252,733.3298017,30.04717076,0.9,239.9868035
24.69311128,10,92.09667834,973.2313988,31.96325258,1,259.3236411
27.50728694,2,59.30507089,493.8951953,78.86419116,1.2,224.3749918
36.47679994,16,90.13216549,311.4760645,42.11768476,1.2,205.0171854
41.43787768,11,72.90934434,734.383909,63.16553548,0.9,232.0676938
39.8059213,23,74.1484436,835.4153278,71.95498494,0.9,249.9939665
28.39801691,20,56.67399862,591.7872845,57.53302296,1.2,219.6805284
48.64595842,14,54.03007569,970.3317477,37.657225,1.2,261.5932374
42.1369075,15,86.39696535,146.5018495,66.40582187,0.9,217.026505
36.63062158,4,74.82305762,554.3160385,60.0125705,1,222.8187142
38.35162239,19,71.84253513,746.6085526,66.56252947,0.9,249.137172
32.58800187,5,86.47541143,876.376424,68.48733114,1.2,256.6469182
27.43192969,18,88.27564495,261.3300507,78.77051838,0.9,201.641585
30.67918036,4,57.94540838,820.0031336,58.678164,0.9,225.200772
42.73538331,2,80.51125747,597.4363681,47.08205563,1,234.4553423
20.43180466,0,56.76770411,456.8983138,62.42322785,0.9,199.6274069
23.48217922,5,87.5687543,218.5435257,33.42203546,1,183.0877753
21.38007926,14,82.84775781,878.766183,74.86986592,1,280.361053
21.22186407,1,97.83073105,241.5458874,35.96905057,0.9,210.1730065
45.66381752,2,53.44790082,378.8090733,46.39214189,0.9,198.5445596
41.10973578,16,52.85273606,361.0409788,70.78726903,1,186.2150683
34.22521487,23,64.10935373,884.2726308,59.86561892,0.9,255.829794
22.93502482,11,63.08528419,705.4326948,49.68177601,1,229.1035656
34.74847625,17,62.34893995,817.0132575,53.67178297,1.2,236.1712709
34.20415312,14,95.31272903,325.4211089,72.72736966,1,211.2702525
25.1960561,11,62.47730999,662.3866896,47.0002193,0.9,238.5597843
33.01554948,15,63.59748631,614.5713848,73.48248424,0.9,230.1375508
31.95514203,7,87.96991312,849.5473391,34.40672155,0.9,262.4483224
38.47550294,13,72.48699212,915.4783544,68.83992186,0.9,260.9206534
39.05280953,16,88.83552785,110.9410943,72.37738165,1,197.8979309
21.35912029,20,53.26830788,706.6179272,39.09088264,1,212.7471241
31.23837844,7,74.37855968,146.6522192,51.51732662,0.9,176.5466701
38.77579747,14,51.68068001,593.9727986,38.27498873,0.9,230.2937586
35.09408776,13,53.13266017,358.8694561,65.33020645,0.9,187.2388377
45.69469524,17,95.32187267,376.0989396,56.7673884,1,231.8573713
39.76080895,19,56.96226856,417.6626531,61.76616734,0.9,208.0346804
24.88803281,6,76.62103411,659.1632041,39.82434835,1,230.232813
22.11706242,2,70.55478013,400.6449691,40.5872931,0.9,192.7959585
39.27257835,11,67.36716631,759.4291455,32.07486628,1.2,247.3389509
20.79533932,20,94.99166728,464.074647,46.10337676,1.2,202.9735568
37.57326744,23,51.09116984,161.5178803,57.98723307,0.9,191.7276887
48.20690724,2,83.18948431,805.3838582,72.8967457,0.9,273.2796505
37.26422534,19,98.16972171,357.1824921,63.34637237,1,210.3333768
31.64509779,13,78.00840917,489.4901916,51.76981617,0.9,226.6024014
39.29864655,14,96.8411231,716.8994949,77.65600572,1,262.8577326
33.74758671,13,52.61289396,399.2105414,65.96226003,1.2,183.9358692
36.36850368,6,70.93966595,150.9270905,76.50826014,1,195.9345039
48.24394426,16,63.00788955,436.5289423,56.37939866,1.2,228.7317712
31.58307913,11,86.54104825,950.0037244,42.94521374,0.9,280.2422814
48.83571691,19,99.06485452,677.5609576,32.64133432,0.9,253.365978
47.16051926,3,62.82650312,704.3312338,66.30424257,1,250.9192437
25.87373404,8,82.70873007,669.0539383,36.0651499,0.9,231.2836545
22.08083903,5,59.90488164,279.0929251,45.13875641,1,193.9660578
23.02334004,15,78.26651273,476.5004777,56.62354539,0.9,205.084154
20.54665477,21,73.19662433,775.8458185,58.22082939,0.9,234.4398721
22.83328882,21,98.60026648,191.2356078,60.02915985,1.2,184.3518699
40.4902032,20,80.42636363,350.0674985,38.31276652,0.9,195.614419
22.13565945,20,67.4753186,348.6871976,48.98687024,1.2,191.4888395
29.56926891,1,55.70478924,488.8170348,60.85971136,1.2,222.66041
45.34625933,23,57.56234144,982.3318668,78.49094323,1,274.8538033
20.69815807,7,61.2658465,160.752292,66.38155688,1,164.3621798
44.43405448,10,62.54833307,566.8308949,76.13018785,1,238.212153
28.45564324,12,92.53080289,261.4282138,68.11060292,1.2,209.4971001
23.54494483,16,78.06113941,973.6088909,59.58584844,0.9,262.5395378
40.90211496,7,76.16954557,201.9731543,39.60116846,1,206.919484
38.8682854,20,55.73844359,463.2409021,63.33428259,1,206.1646062
46.32416041,17,93.00698467,764.0964864,61.1689783,1,265.4534664
42.05213131,17,86.14071516,734.0989852,60.12345852,1,261.1188778
44.10442791,13,53.3834181,480.4557732,54.4892934,0.9,221.2972542
28.46103718,14,85.39175486,411.8717512,56.4328302,1,214.0540123
25.32318631,5,77.17691087,457.8511407,46.72212636,1.2,193.8645572
42.51844255,10,54.08626729,337.8486368,55.96563463,0.9,226.0125558
44.20504218,12,72.91503208,284.7996448,39.87779528,1.2,197.9051537
49.71515426,0,74.23481436,534.7357278,70.25871987,1,242.5433945
32.37853031,5,58.28872701,341.6803805,39.28884773,1.2,195.169491
31.16054257,8,97.28490735,358.7154984,34.24831449,1,203.3518783
43.29238882,7,92.49876857,691.0804571,51.81230132,1,256.1042957
30.22410621,10,83.45111687,971.6835985,62.91537198,0.9,266.1759125
47.92271977,21,73.11477805,643.2734805,51.88584125,1.2,246.9441727
45.75238256,18,70.58827708,169.2815204,43.8377066,0.9,190.2152821
32.86982082,23,82.54867336,168.0252525,57.90855919,1.2,192.4324716
42.52613203,8,77.27159347,956.2808988,47.35011677,1.2,260.0244538
42.63628622,16,53.11365529,367.5617113,76.64338451,0.9,203.1258788
23.09371607,11,75.62513244,182.8602875,76.13225698,0.9,174.7618381
47.0765872,13,90.32018086,639.1401284,55.118591,1,246.1656495
35.15757117,14,72.96199388,661.2839005,46.3941997,0.9,209.9184614
44.79372398,15,52.59782888,683.6543381,66.8566207,1.2,235.4853116
29.60148803,21,89.31390997,340.6618251,31.83564717,0.9,197.6126193
46.86569685,21,60.06818911,113.5996158,53.7384503,0.9,187.5172583
31.67605036,19,62.93104174,968.5138325,46.81616971,1.2,256.1486726
20.32512954,0,58.23531767,325.8037411,76.02679426,1,203.3369725
47.16145929,9,66.51075324,708.4236592,30.60015136,1.2,264.9500572
22.7386003,7,87.83757528,735.9668829,57.64074379,0.9,255.3739694
29.57940913,17,75.96929298,649.0066754,67.03317905,1,232.1277191
48.50185901,0,60.24406371,381.6166548,54.25089938,1,208.4265469
48.51821441,1,93.89150391,343.9866284,34.27015151,1,229.1266622
37.20313664,0,93.97909275,637.9014544,78.6230695,1,237.295675
38.95511637,0,93.52892125,879.4860703,55.90052157,1,269.495288
33.45336566,8,61.93981057,952.060356,60.70931222,1,258.7698977
28.79632315,12,72.56196721,195.315224,41.83048914,0.9,188.2400261
29.85993636,0,99.24948281,239.3457513,54.17490426,1,209.8384004
40.17555368,12,88.60062382,950.2626329,51.4574746,0.9,270.4586551
42.57123588,19,51.35837106,762.8817055,33.7447921,1,232.0040558
43.74737131,21,53.26022956,894.6944423,35.30801768,0.9,257.1409039
43.68854428,6,73.19656884,282.3693707,71.87362598,1,203.3589382
22.73618309,1,95.46101029,628.827284,41.99099761,1,243.4606637
34.83260914,5,76.9350899,731.025635,39.74791357,0.9,248.4523222
21.7267628,6,74.8906254,712.1006969,55.24557256,0.9,235.3255599
36.48586647,13,55.273685,467.3365218,68.43735657,0.9,218.9998008
33.24591504,17,82.83900524,113.8554025,33.09732593,1,174.6620665
46.63112548,14,91.10515803,624.6334511,58.84039598,1.2,244.7100291
30.52745038,1,69.02100038,327.7913853,35.96052214,0.9,189.2525335
23.51201049,9,88.78059255,505.2288215,31.82305254,1,218.2693695
24.28975046,22,98.2238327,961.8229136,32.63719761,0.9,267.5273172
42.84531895,11,60.18832296,459.1317859,71.70820541,1,217.5689123
38.5465419,16,76.16648156,855.821446,35.89862418,1.2,260.7680236
23.03368028,7,64.3568979,269.6865452,32.25756822,0.9,176.5118539
22.52320418,10,89.64272095,705.2144482,51.89499436,1,231.9967595
41.02907394,2,78.87966829,979.306259,72.1996736,0.9,285.3970364
22.18289019,5,81.72912088,191.7037908,43.12041882,0.9,171.5870822
44.65580178,8,89.89570798,107.487948,51.08563088,0.9,180.874742
41.18726681,5,69.79852363,490.2245134,31.99612663,0.9,217.4193188
22.44046342,8,95.75450342,183.3629347,52.45392571,1,183.3279557
22.54513142,6,76.65144336,773.5459147,58.88065403,1,238.839071
49.59918736,8,57.89774114,923.0937975,58.54535269,1,258.8338768
31.22812387,17,84.79495591,490.6188754,46.62133461,0.9,233.5175864
31.11926441,11,89.66306752,332.8404779,45.77665903,0.9,201.1290634
44.38398702,7,65.83808385,490.9629871,35.33118095,1,213.8018908
48.41745732,7,92.85896285,751.1030361,48.33991603,1.2,266.5545584
49.58003191,17,95.30716274,108.1487454,34.97473344,0.9,185.8587585
42.60134556,19,63.84522437,630.5085905,68.32979724,1.2,223.0479891
31.28778757,14,99.17607364,651.9625164,78.31371489,1,257.1181613
22.5050215,6,57.0355764,673.9194222,78.50372283,1,223.0153882
43.31440748,10,60.10078342,317.819872,73.25355497,1,199.4450203
36.75212749,19,59.21124196,742.647451,60.03960747,0.9,248.317682
32.72666028,15,94.6994855,182.2523377,65.04328486,0.9,194.1500736
47.19063155,3,82.71462762,279.3433028,44.26029013,1,207.5771134
23.33592447,5,57.60521416,889.723042,61.53852101,0.9,236.9439025
34.77875313,21,72.01617092,764.8508357,52.78247747,1.2,247.1852866
20.34060934,2,80.76490125,112.3709986,54.10086699,1,187.44306
34.05981926,8,54.17320425,323.5386343,67.88882802,0.9,179.4445701
21.68909827,9,94.12081842,292.9658347,44.09591778,1,198.0636235
23.56453749,13,90.18017677,343.7256952,45.90198058,0.9,211.6507665
23.5257874,10,75.26033868,322.8037933,76.23208956,1,197.386028
39.47630906,17,98.35633076,156.2736662,32.81121474,1,184.9195199
42.38134638,21,70.88804896,513.0464649,54.28171492,1.2,229.1478978
37.50106295,11,99.20551595,759.4601273,75.64004002,1,278.2581681
48.86517645,22,83.39599994,646.0585522,60.51815039,1,262.4566633
31.24611739,11,81.73356366,705.5845017,57.32035371,1,247.2773254
28.57136259,12,58.29774476,173.0342607,42.48720896,1.2,171.0346886
46.05797385,12,94.09638792,956.3416392,47.16377445,0.9,275.6877437
26.70787516,18,71.3744844,854.6426505,72.60242079,0.9,263.9509831
48.89667618,18,58.11167029,824.5812866,57.96090659,0.9,267.1191449
20.36463424,22,50.630376,840.6854245,55.73710969,0.9,222.0159876
49.0963648,13,77.98778418,939.4394573,34.97898568,1,276.3534226
21.29479736,3,76.36998111,589.8285695,30.80140782,1,219.9723465
46.73429341,12,85.96768112,280.2538161,78.18425943,1,230.6730724
35.83103327,7,94.51290265,655.1052471,48.84930836,0.9,246.336699
49.78894388,22,53.97032923,768.5933443,60.1606531,1,243.1481743
22.21389694,20,86.57482452,764.125654,33.98575366,0.9,233.6456595
36.61562853,22,59.3705972,569.3041218,64.15571429,1,215.0824293
49.07907607,18,92.90885266,161.6128474,76.62833544,1,214.3568659
35.69293533,11,90.95317569,434.0016446,58.78326265,0.9,223.5972254
38.88195914,17,77.03968775,928.6899476,36.30576612,0.9,285.8365
40.87246067,5,85.51213993,626.0040188,59.08607637,0.9,255.7270347
33.63623194,17,65.71750566,584.4987489,68.31736066,1.2,236.4083021
38.8267424,18,73.55839495,341.9681629,50.32082683,1.2,209.8471806
37.52942936,21,91.08184489,431.6040279,73.9918874,1,227.2492585
47.03474031,4,72.96325986,905.8114802,62.43414767,0.9,271.6669149
21.36339141,23,67.88991327,699.8167428,74.96244591,1,231.6673848
28.42889569,8,74.71062236,808.6483241,61.17526556,1,251.1981725
48.51234452,2,91.41246262,508.9108808,36.5643986,1,240.2682127
46.70791352,9,66.76040237,667.2224975,45.48458556,0.9,242.1212437
33.66970258,18,58.68807966,323.5452479,40.08974741,0.9,188.7552661
38.60397793,2,85.60070102,734.9147473,75.44132489,1,253.8662487
28.32143549,21,91.29891064,484.8412003,68.02000336,0.9,214.2702372
25.64363479,14,55.03187393,498.2909633,63.81991845,0.9,220.8397083
33.91095215,0,61.99370564,684.3900921,45.04831598,0.9,253.1344142
30.60056684,6,57.09859949,942.6525593,39.2022386,1,261.0490485
37.50968336,11,67.39707058,157.6057119,67.8225544,1.2,175.2229632
22.33203911,16,72.51754895,842.2689136,53.70789729,1.2,250.333832
49.23184423,20,87.44131685,363.1447994,41.28947761,1,232.04522
49.58632233,23,82.55737924,499.5275091,60.83109891,1,235.1154511
40.94485142,19,81.04642837,119.7219959,32.01669261,0.9,190.7455751
36.08289099,4,67.61874733,370.9414701,46.30851271,1,199.0993569
29.28582849,3,92.07237765,552.3681184,53.42784973,0.9,247.0193083
44.41385059,11,73.56435837,150.5584696,37.39791671,1,192.2421909
40.54193518,19,98.9552469,541.9861564,79.23272388,0.9,241.7080495
24.87850818,23,81.70710691,934.399566,40.45486823,0.9,264.030858
47.32781553,17,56.31323708,194.8538963,36.5176565,0.9,198.0473643
44.67611729,16,83.8088781,787.9966553,40.17674369,0.9,261.479338
48.4939974,18,66.25520077,468.703948,68.45305666,0.9,235.123527
41.77158525,8,84.31635983,689.6563431,51.27528296,0.9,250.226133
38.40245588,3,53.48205741,334.2129382,58.27079699,1.2,185.0227218
32.54729109,20,58.74407186,243.5430363,31.05045785,1,177.5619722
47.9818545,1,92.78686295,244.4163528,31.72156543,1,213.9674163
45.98191669,3,61.35897785,163.4427511,52.29127749,1.2,186.2164119
21.3565601,1,91.85205626,267.0820344,70.83276216,1.2,206.9769626
20.79100923,14,63.96380442,697.7974465,74.26194394,1,226.7512218
31.29390101,1,82.1440955,893.5215507,34.33532838,1.2,250.4940139
44.31659992,3,84.70752868,832.713117,56.91815511,0.9,277.4650025
49.61828388,5,75.63273766,716.6208789,75.66148431,0.9,265.0900543
24.51250673,6,65.26553383,199.3886771,49.39863772,1,172.8840155
37.82392146,9,60.63221882,360.2687017,71.47829157,1,218.383658
31.4267257,18,51.65946773,378.8261878,36.68478272,1,182.9718108
49.09743193,18,65.19732006,324.9612518,76.76972448,0.9,211.1341585
45.26356769,21,82.65813953,563.5050937,67.57116588,0.9,216.8672949
45.14986114,11,96.91524092,581.9984334,77.06671964,1,250.3576831
34.06079479,2,93.56022411,421.1973777,63.83086168,0.9,239.3849109
32.44458507,12,88.30323883,418.4102429,48.1701966,1,195.6764439
28.20221216,17,89.42236716,845.7000381,76.90905863,1,255.3964733
21.6912649,7,83.24924517,810.3635635,43.77833882,1,247.5381781
45.94167129,20,63.01434288,377.0162485,46.6086261,1,187.4960534
44.38703027,14,95.35975154,922.4095995,65.0404209,1.2,277.8356001
49.9915302,0,83.5366156,957.5335153,68.26581498,1,299.4032601
49.89910511,2,78.02203155,394.0682878,76.47017419,1,251.7084389
36.66295117,7,55.54947346,418.9824539,40.24012045,1,203.9778448
43.06962246,3,72.35277719,555.0707381,69.89990176,0.9,228.8444607
48.3429719,15,73.01791356,947.0087313,66.92730267,0.9,271.3611108
45.48942172,22,93.22818048,888.6874898,33.18972781,0.9,274.2803746
27.42044305,9,77.33241101,192.3111663,49.36115706,1,187.4516569
33.51632406,11,69.02002745,453.4576689,44.13827285,1,228.4896093
23.87478245,13,98.84001643,598.0340708,45.22452122,1.2,239.5986461
48.62153082,13,55.53602967,552.8192253,79.14734398,0.9,237.5324301
38.18523903,1,71.12742142,274.4767611,62.13887067,0.9,199.8491667
26.85928417,22,52.10123376,872.9350941,65.88380789,1.2,272.7438131
40.15102053,4,86.99520604,709.2467047,78.83088187,0.9,267.4583025
38.54384721,4,95.90382761,854.1175374,48.86008912,1,262.1692549
30.74488154,5,64.00186648,872.8878514,70.09200842,1,252.6669969
23.40672777,12,92.91708384,773.5202683,51.72654817,1,239.279368
40.14719587,8,64.61091152,495.2895411,73.47668359,0.9,202.9496764
35.60923103,21,95.53850808,649.4920795,39.03287707,0.9,247.0422198
43.16955175,14,87.69809518,244.3288655,77.38430885,0.9,234.8574104
35.60490503,13,90.24533884,706.2808757,40.93858542,1,230.2106846
45.56544501,23,50.90032778,261.3279302,46.31102535,1,192.4812465
36.55720516,6,98.14051785,724.5546315,67.80961171,0.9,255.0453219
36.82813915,19,86.3335496,306.6383447,49.68775708,1,213.414473
46.29960808,1,65.23755477,205.7961701,60.41056884,1.2,194.6379499
32.10448599,6,91.46973324,248.7560411,52.22867505,0.9,189.3621155
24.02045685,5,64.07605992,101.7929217,67.11849685,1,161.7581995
20.86348029,16,93.63769198,746.8656561,41.41656262,1,232.3181593
42.65411767,1,55.62901952,759.1609442,32.92289936,0.9,252.1739502
38.60928654,2,85.18429887,563.4400149,44.99646987,0.9,247.2551139
41.12239304,4,77.03492383,245.2265209,53.71543324,1,198.9391795
26.38892485,4,54.82672351,175.1989038,38.40100261,1.2,177.8427271
24.09114427,0,62.09469141,117.2160698,47.73986448,1.2,162.6319891
20.43633997,7,50.62020181,249.1733593,49.99915091,1,168.3096265
30.51762676,11,73.43839827,901.7699815,32.86959218,1,251.7423548
37.69753061,23,65.06326304,317.3831575,59.16536241,0.9,206.0258333
31.76732135,3,79.91787421,418.8441945,74.2171714,1,213.9679171
33.12424766,12,64.86189039,194.810936,37.58714565,1,179.906238
47.12476083,22,64.99595558,300.1251743,59.89040067,0.9,217.0506491
30.44766401,14,87.15965994,567.3021137,63.23696025,1,234.934657
35.41968467,10,52.4071418,646.9774148,50.96673402,1,224.9549093
43.50959038,9,95.14474976,320.8170827,65.05487937,0.9,229.9200214
31.89628347,2,92.61319372,151.9589433,50.53657717,1.2,196.8475517
38.66260101,21,83.39023416,451.9295822,55.2318644,0.9,224.7615572
45.87091126,13,79.66107851,310.7830338,30.36765223,0.9,202.9740567
48.48561871,15,94.61512491,297.5985309,64.58600571,0.9,228.1237453
24.41220443,9,59.26650898,963.8765224,63.06713395,1,238.5311732
47.79762875,9,53.94845811,654.6704373,31.92004387,1,228.152169
34.76348879,11,61.9755085,601.1905989,48.41250537,0.9,199.7257577
27.74733165,8,89.72891394,474.1975932,78.95159204,1,211.4096414
33.77407269,0,51.73351334,486.0499001,51.03682813,0.9,189.5401948
49.40097726,4,79.14034175,586.8145035,55.09727026,1,254.7751015
34.77854282,19,99.77187581,726.7868263,75.49650791,1,263.1762253
29.86254831,7,92.78480469,731.9314866,65.86309379,1,240.6140276
39.00202563,10,76.07228445,254.5245169,59.10350656,1.2,205.3319268
27.20436856,11,53.18204546,550.1014769,69.89023407,0.9,225.2182803
22.27589984,0,91.56867572,470.7622855,73.21831332,0.9,228.7316358
23.86639166,21,79.94892541,883.4742696,52.84440359,1,251.3812228
23.84137517,19,55.74664985,668.2770291,53.75541825,1.2,220.2256196
24.55708081,10,54.69286424,579.2536598,49.30254678,0.9,219.7231921
24.16481518,4,95.48134097,203.855178,78.335307,0.9,197.2661741
39.22624234,14,83.46001315,645.0741004,64.85831271,0.9,248.3745735
25.45640253,4,91.46433997,205.4835151,34.16115331,1,184.3220591
30.3700185,11,93.94894501,403.485918,73.14798117,0.9,208.4293149
46.9036523,4,78.5886176,228.5577683,54.02799704,1,215.0470884
34.21884921,16,75.87231759,722.8662823,33.43769532,1.2,256.2018936
40.02673216,16,71.52137052,285.6269025,57.48586276,1,194.8525738
25.16959614,23,65.84732939,452.6734359,50.85821395,0.9,214.2109517
25.76867056,11,71.72979804,906.1072999,73.88747024,1,250.8368687
21.22605849,23,88.69398279,283.8847451,40.19973018,0.9,194.1041099
25.06805189,14,80.09617155,557.0245576,71.32323047,1.2,240.2820749
28.35771017,14,94.6261645,477.344495,57.88443456,1,219.8946404
25.31031453,5,72.16900072,116.3116369,32.73051516,0.9,168.6362061
22.66107601,11,80.35447894,813.4823022,78.59226507,1,235.2169801
23.61907613,19,81.56537765,162.1413157,55.63076221,1,175.9392665
33.82336304,17,79.58485812,526.8295189,44.54384271,1,203.834501
26.19001155,13,85.13168865,604.6104654,53.4703421,0.9,235.3117839
30.92809583,1,61.87167342,665.583811,72.89288918,1.2,240.4209368
35.10251813,8,75.61818888,719.7684664,45.24515622,1.2,237.2251536
40.71184486,4,55.21124014,327.9451452,39.63381982,1,197.7186261
21.1793642,19,69.22556638,108.980899,36.45356235,1.2,158.1331286
43.98231197,0,74.38335343,751.0992961,44.89296992,0.9,259.3608005
38.83701168,22,82.61121298,582.0909394,69.00240435,1,242.5796504
22.45277096,2,97.52655263,852.5059329,53.58131826,1,238.1938483
46.20735872,5,80.03255333,839.2495266,41.37408018,1,272.7191485
47.62617202,4,87.17969581,858.993551,38.30924998,1,265.1874877
21.8323388,20,75.31330297,536.585194,46.63647383,0.9,201.0681894
28.30632944,4,81.70520157,400.2655563,76.99621864,0.9,213.2337458
44.18603839,0,53.54661081,812.4023823,47.15133563,0.9,229.4870786
42.44779071,16,62.71957904,506.1647017,79.4062038,0.9,218.2574603
25.53563058,18,68.09265466,265.0979768,54.26152279,1,188.6925824
26.2804797,13,73.62466775,869.4766176,38.95819591,0.9,249.738955
31.11416308,11,52.28243728,894.3038891,74.55700459,0.9,256.8944277
34.53568956,9,57.00120488,519.6787805,53.01776866,1,214.0344614
38.54764315,19,63.84071539,168.1297546,65.48356718,1,182.2878666
31.06740919,20,98.57663455,449.0434809,79.18557916,1.2,230.2576751
33.87604148,17,66.56735036,823.1838935,32.50876752,1,238.0834535
42.42412814,23,74.10205291,911.5966257,34.83472799,0.9,247.342594
21.10049609,10,59.80488564,283.1254682,66.02283707,1.2,175.1780877
27.57310833,1,80.53900355,160.2762508,44.09125016,1,190.4784009
41.40048758,17,64.03416078,889.6154078,39.21506985,0.9,272.7464737
46.85620513,6,60.34962892,450.4644451,31.96809399,1,218.8094017
35.35032326,23,75.82863142,587.5848678,31.0923356,1.2,237.7177394
35.96340456,14,50.27528996,971.2592308,68.72428016,0.9,263.5054619
23.21516034,10,50.38320163,159.9082551,36.72167137,0.9,179.1948169
33.422371,17,60.95344046,683.4862067,53.3860308,0.9,253.1239313
35.97851799,22,51.83606813,166.6948803,60.29484076,0.9,163.1240937
27.27411511,11,55.40128771,437.9220356,51.41759003,1,200.9523496
28.07729693,5,66.94303247,823.4330907,31.35533262,1,238.5475645
31.31852489,19,90.12928398,490.1250095,69.17507513,0.9,226.6434472
20.60213593,22,78.60243217,997.4641185,30.52566123,1.2,257.6061904
29.66237497,12,75.6333863,603.1533565,68.09449472,1,232.7015279
26.34344021,19,64.67444116,389.0459374,74.66522469,1,197.3616447
29.82492057,15,96.58768597,298.1001933,51.64199605,1.2,205.1903465
23.59286395,17,69.85075206,415.4684809,56.77712365,0.9,215.4255982
46.71581842,9,54.35463834,435.2799464,53.84916963,1,216.0581004
37.80777361,22,80.85332581,161.84231,49.46043093,1,197.9647895
40.37306957,7,55.69191967,432.6167795,74.37122677,1.2,210.9469305
43.67513716,17,67.26115714,517.8146678,74.69667553,1,237.2817978
34.95326597,20,75.37059694,750.463977,46.79081823,0.9,233.6394091
22.60760864,0,93.71112623,691.0565362,60.7534877,1.2,235.276145
36.11319625,22,74.67732902,737.8890897,76.34537811,0.9,252.8950578
37.60523354,7,85.1129383,107.5273137,78.10292495,1.2,182.0609056
42.36318423,5,99.64084195,295.9006596,55.44795202,1.2,209.6332527
32.94978639,4,56.57445599,695.5158596,52.64124026,0.9,234.1221328
23.82740908,14,63.73657628,535.5904314,43.9347158,1,208.9679924
28.51327717,21,69.72880378,104.7821281,77.94359366,0.9,190.5999688
30.89246889,14,71.09140893,824.0451782,37.14071522,1,237.8013018
39.37751724,1,70.55105376,795.528616,58.9914788,1,254.6038682
37.12334914,0,95.38055013,593.5772467,44.12751338,1,233.2662589
30.68290178,22,85.70163222,159.8169932,43.95041452,1.2,191.6252467
49.59545746,22,80.3952607,789.8635446,50.24842937,1,275.8423408
38.17324458,10,65.46863589,625.342229,79.93964679,1,244.6222788
27.11680375,9,91.18951921,803.7639794,32.74831534,1.2,256.1010379
23.05347418,17,97.75302557,776.5722932,58.92709091,1.2,250.9796473
24.58577418,17,91.05991413,822.7018648,34.1286079,0.9,256.7632836
27.37873185,16,50.07825526,566.2072598,37.7260415,1.2,203.634829
24.8204412,7,81.82006851,226.2920664,51.97814709,0.9,179.7397573
25.59701072,14,52.55676907,704.041726,55.52300657,1.2,224.2842816
28.55285506,7,62.88036102,658.4264065,42.93962042,0.9,214.0540244
25.20120786,16,52.97623502,768.0278685,45.82285654,0.9,251.5900171
46.90296274,11,80.18977265,252.8929054,34.34835101,1,199.8701708
22.40701237,7,84.32949567,275.4776799,45.16098919,1,197.636801
35.73534169,13,55.7243819,901.3685655,78.32792197,0.9,260.9615652
32.31190481,3,69.19194415,774.9800186,77.23536908,0.9,239.7779743
49.47135851,0,72.81182545,917.4056398,46.74391451,1,252.7615076
23.36116707,0,68.45265109,782.843789,58.54269681,1.2,244.2525867
31.93566797,18,56.05125002,637.4397754,75.47976956,0.9,246.4554771
49.084113,15,70.94738951,688.7194633,30.30919113,0.9,236.3576518
45.96521378,13,87.55890239,900.2151315,70.53417852,1,265.1664637
44.51216213,20,53.55038323,620.9260791,77.41847764,0.9,235.4514452
27.73708481,15,54.0090007,669.1521919,34.56628672,1.2,205.108103
25.12662762,4,67.73856459,240.8290444,38.0723843,1.2,170.9720473
40.0592966,8,97.08628558,526.5290981,78.03731514,1,252.7584214
47.88127967,1,83.42863234,744.7574008,56.87700718,0.9,262.0535517
36.70288679,17,83.93349783,343.8484285,30.70983172,1,196.6317751
37.14838068,5,68.09599954,282.0287625,42.88159994,1,200.7190684
28.39937281,8,79.68303956,382.4441274,52.49718371,1.2,211.2233093
43.084788,0,50.5065592,317.3505652,64.64544555,1,197.4792253
25.61131246,8,81.80480232,293.4213733,66.65801891,1,202.1101593
29.71037709,15,95.66434738,482.3657586,79.77107565,1,238.9733927
32.76309316,12,80.62867342,917.0546625,44.37555997,1,265.8039768
35.22831136,8,93.68492967,556.3536821,56.91100509,1.2,236.1399245
27.27229197,20,86.19865277,269.1283427,56.66617739,1,213.1557086
23.44510474,12,56.02792082,169.2745024,50.28226297,1,174.6089815
38.31860127,8,95.12266536,726.5405306,38.45809469,0.9,248.900905
28.6589166,10,53.32219222,444.518888,78.87282816,1,203.255276
37.43714664,3,76.69837363,839.6478519,72.66585933,1,258.4825836
24.63088146,1,57.10685619,693.5596918,54.91665141,0.9,231.4103073
34.43420306,5,50.58533054,816.6173055,60.16227113,0.9,237.322964
35.97768298,13,71.10171301,344.7514355,41.36305268,1,196.9680713
21.5547061,3,64.75203538,723.1230302,57.18935352,1,239.6691155
30.09812835,5,74.30002469,337.6557862,64.74850666,1,206.3349653
24.03244031,18,78.85999434,945.1616315,55.75835142,0.9,272.8849443
21.90124911,5,52.18695362,672.7368534,79.51425853,1,232.7230377
49.69880697,1,56.15016476,392.0606202,60.56708281,0.9,204.4435965
29.67061535,17,77.93211982,342.5606761,48.54868563,1,200.5018949
44.29623338,12,67.15836766,271.8339266,68.60760138,0.9,217.681334
27.63921964,8,86.45867438,725.176863,38.52312558,0.9,228.1935762
40.44508167,22,82.61458243,296.8440517,49.22579069,0.9,213.3126071
42.8068358,18,92.28021815,635.7729393,47.34794752,0.9,248.7748912
37.86916222,12,84.62464133,338.1715242,51.59035476,0.9,195.3540219
34.14728566,10,71.49655387,695.7720503,69.0889913,0.9,245.5666009
32.35522742,0,83.64833112,833.4457557,54.20865161,1,248.9408384
30.466048,23,63.76905871,800.2227188,69.70072251,1,235.5133386
47.88587433,21,65.31567494,784.7661978,58.82444516,0.9,258.181897
44.91858223,6,89.449258,268.9501651,47.10347173,1.2,190.3770234
48.95080732,20,72.32097582,179.5464523,70.49893718,0.9,198.6825572
23.7289167,14,89.91901703,729.0539456,41.91448353,1,264.934124
41.92602426,0,91.12111868,431.5124924,41.21914899,0.9,232.1205966
48.1502137,11,92.87811688,489.1116038,55.2251462,0.9,232.6236846
25.43699198,6,95.83176179,128.0341835,43.0424623,1,198.0232909
21.99488802,14,71.54926103,333.6188043,30.45435175,1,175.9482913
42.23361948,20,65.94334092,130.3087635,62.41487636,1.2,180.9769538
37.2341934,18,79.10993733,891.2671953,55.55469107,1,253.6469361
45.2548633,0,68.55862117,319.0570149,52.27589072,1.2,208.6324687
24.1931713,16,80.05370834,601.6034526,78.34842573,0.9,247.7325604
43.85801936,16,85.27929313,135.0813886,58.5599592,0.9,189.8121263
26.0488196,2,84.42025092,700.1626522,73.17157889,0.9,225.4124897
24.90967829,11,68.72764435,390.7246112,36.97251181,0.9,206.3654462
24.92797394,5,58.34301008,908.1272683,58.46032316,1,263.002713
44.43724161,10,71.52646692,899.30637,73.39898134,1,253.3125535
39.95591662,2,57.1297072,392.7615565,59.15528786,0.9,213.1528723
35.69196274,7,94.50485176,910.8648061,65.90070891,1.2,276.9277429
30.76491452,13,67.29387304,996.5419061,48.60217839,1.2,252.6189592
46.31601622,13,57.72298736,842.8740977,34.62247585,0.9,237.6449025
31.77335322,9,51.272388,860.384213,52.89501476,0.9,253.8793058
44.49798318,1,82.29111931,324.1078625,49.72396954,0.9,216.8626286
33.17404726,13,81.84511587,619.032159,73.35300912,0.9,244.9151789
31.30833288,8,67.03020833,160.5303226,42.19976512,0.9,172.0570387
33.88039357,2,53.58559444,185.4261431,78.33671138,1,177.9216478
29.04133622,20,70.48144474,999.0033508,77.90690599,0.9,248.1964628
42.42828141,7,65.56087475,393.9753245,42.38158215,0.9,207.5547893
35.0816117,15,83.85603199,773.3655208,47.40259777,1.2,263.9389006
26.96638085,1,80.28896247,825.9985477,74.77778704,1,247.8482326
46.9872372,5,68.22968641,872.2209439,78.33111104,1.2,255.2019137
31.51673664,20,60.89462771,997.8654677,52.17195514,0.9,266.4554821
36.30658583,11,99.40179831,317.3468367,46.04985228,0.9,221.4966072
47.19416333,4,72.70008106,136.3157442,56.30470066,1,188.7692962
38.72713988,1,84.41371179,470.0723662,64.38846032,0.9,227.0246979
23.50694122,15,57.02764838,217.0726028,43.67372577,0.9,175.7677864
48.19496371,4,74.27948498,120.1833002,66.82365873,1,196.2056464
38.83124159,14,51.37683599,424.3841444,32.58286786,1,208.9679794
30.04716844,11,75.2727559,805.364426,32.46472464,1,266.3223984
24.17816218,3,98.20087036,609.5626221,49.31438526,1,217.1019072
43.82075568,14,69.21033565,381.5001903,47.6736596,1,224.4114406
38.60218268,10,51.94980063,688.9078049,45.78166077,0.9,231.5345222
36.00383276,15,51.54778955,308.8163623,54.55098813,0.9,206.705903
46.81677749,22,69.399338,112.9433015,46.03667912,0.9,195.50197
43.65791634,5,58.00124682,787.9180478,39.61289592,0.9,246.2141946
24.55024639,13,51.16760482,661.3687764,45.47347745,1.2,220.6031498
29.35166203,17,87.8106807,786.0723621,78.74521364,1,255.6759126
27.45467419,11,72.92615044,135.044215,50.55567085,1,169.3549231
42.31838878,10,64.4622386,853.407665,52.23563884,0.9,266.2059196
21.00597304,12,95.00415915,657.57358,58.8272495,0.9,230.2691064
37.09669055,20,55.80694801,607.0558156,79.16703842,0.9,239.4602454
42.87376057,22,97.79594145,662.1526433,42.08006382,0.9,253.3437385
46.3029691,10,65.69833587,877.9899222,64.06410553,0.9,244.6153506
30.26245246,22,94.42018362,628.2428559,65.79923468,1,238.2402853
44.63771914,15,80.14714382,622.8553419,60.36622084,1,249.5275296
23.31895211,14,91.33536799,991.6112414,34.42891698,1,259.7526383
45.39356875,20,99.20065816,781.0571504,63.84361379,1,247.7066621
23.82465987,14,64.42027189,498.0644249,33.20473555,1.2,212.2452283
31.91861872,3,98.05677427,736.6573,59.80713248,0.9,258.8649024
43.91886097,10,69.47409475,450.3074245,66.97905886,0.9,230.4339892
24.49752282,18,69.27559524,305.9879162,40.54849453,0.9,183.2663943
26.87754186,14,67.01935521,637.1666892,72.08110038,1,235.667607
41.66757705,3,77.07038037,935.3638883,31.51769028,1.2,281.2091492
41.6010961,20,57.70725216,936.225568,72.19064318,0.9,261.0635229
39.23442899,12,77.68557427,407.7147503,53.01645253,1.2,231.5768682
40.81845333,21,77.08524062,574.9097196,40.879397,1.2,232.9378147
36.2817333,18,88.09509063,290.4723087,36.68890725,0.9,195.4325075
27.55397177,1,91.6824981,996.0679985,77.66535838,0.9,303.9147402
30.37087981,13,72.02206752,983.0061171,33.63327938,1,262.6147355
25.4479315,3,65.11666247,684.5580367,39.954671,1.2,228.1236681
47.25351684,15,62.96674487,823.9726537,47.39111737,0.9,254.2072654
37.50175384,20,59.73119184,743.5901452,61.01174245,1,234.5662698
32.0255425,19,52.88237911,633.8423971,57.24005426,0.9,225.296012
33.86017411,13,67.12239894,148.0131973,36.28217462,1,192.1499481
48.41850019,14,63.51238461,509.2879083,44.48639919,1,221.6691049
24.60054209,2,98.32086929,707.307672,41.93758855,1,241.8853996
37.58689496,7,77.88544131,709.7784525,40.67714272,1.2,254.7565094
35.17666037,15,67.36385195,435.8103566,50.55721682,1.2,205.5681865
38.34362706,9,79.02338005,947.522788,65.20157263,1.2,277.6021054
20.54330551,3,56.95983507,250.621329,40.87264661,0.9,182.0119939
46.16371727,17,72.20218746,550.3235016,48.33394399,1,230.5967914
47.96354847,1,81.31171607,721.7955789,49.54587134,0.9,260.168392
36.95399551,16,74.44489159,727.4222253,78.82282647,1,259.7857404
40.89952472,12,70.08894003,683.7750611,77.73331784,1,245.4524393
47.67498144,3,99.69241944,347.7593921,70.00687914,1,241.9218495
41.21715903,10,94.01573811,240.5859118,42.08294604,1,201.1952104
24.57617129,6,81.17029791,672.3462941,33.4018657,1.2,218.7503993
37.28865081,11,78.46886806,639.3719045,45.84520689,0.9,222.4856966
38.20145139,9,81.03302399,261.4204093,43.33972747,1,195.1870088
32.72392014,6,60.06560539,734.625231,55.29629001,0.9,229.1083219
42.09332707,12,69.75688716,509.6547926,68.8863955,0.9,227.1757636
48.03101044,6,51.97297664,700.9845324,72.91614694,0.9,253.5045203
47.76705539,23,73.77730187,853.6303718,72.24320427,1.2,252.8815512
33.52518114,16,77.1512292,252.7555857,47.98377806,1.2,173.3197426
23.39714138,9,61.38748681,117.2303812,64.36171717,1.2,160.9522176
49.54523597,9,98.20144236,801.1923278,45.64170988,1.2,275.1609606
45.16694259,23,95.47273055,648.7276826,33.04527716,0.9,252.5449202
23.73988044,3,86.10716177,729.6756127,65.07826328,0.9,237.8859022
47.62525648,19,76.66933144,854.3394775,30.49137763,1,272.7103143
46.09689086,3,93.49845798,822.5298413,50.45912937,1,264.4333653
35.56514171,21,56.53261719,964.8281322,46.46896347,1,261.7664641
37.73826307,6,89.52548971,582.341571,64.66887693,0.9,239.9603122
31.97008112,21,56.2410407,539.6460694,68.31227364,1,209.4671108
21.64284916,0,89.71053313,461.6984799,45.2047318,1,205.8501455
30.05591725,11,63.78837841,238.3219386,70.58135072,0.9,199.2855259
44.08560346,23,93.85452905,615.3465096,44.69583803,1,250.7494011
20.13896069,12,97.20210469,349.3112719,52.316318,1,215.0192701
30.00497515,9,57.43979847,929.176761,66.35092635,1,259.1566942
31.94506081,14,73.13378025,624.8717238,64.64601146,0.9,218.89222
36.12186809,12,99.04936891,633.5561625,79.36842362,1,276.7324706
47.59566849,22,74.1703718,419.4321948,41.25805121,0.9,224.2340457
30.39037983,21,93.17737613,146.7904168,63.11589568,0.9,200.6615179
30.40859606,21,79.43657611,128.5693888,60.48409541,1,181.2789556
42.12503744,20,68.7664954,481.0016297,75.75492272,1,240.0417004
33.56653823,21,64.28917778,176.1088403,37.81810708,0.9,168.02306
26.73814469,8,60.16115455,646.16226,67.58990818,1,232.4625823
33.57318548,8,88.08990957,892.8757051,58.41343081,1,246.9187701
24.22571061,14,69.32702534,894.6233349,43.73329349,1,253.3984879
25.2916096,9,75.56377311,693.1408691,53.72174571,1,222.6502807
34.95103318,23,74.616274,290.1086483,46.68882985,1,201.0564225
32.56776349,9,78.86395146,876.6971482,58.96567014,1,274.4190071
47.44537703,7,93.27885728,897.4840918,74.45003054,0.9,295.9063224
30.87181697,23,99.03696718,276.9882265,58.46524922,0.9,222.6981513
37.41765051,15,70.37921043,763.6834772,61.58612092,1,261.1763941
38.96792864,16,91.37594611,357.867594,55.93739236,1,214.1874656
20.3928337,4,88.22638973,822.3762811,32.55827532,1,248.4158743
39.90612116,3,78.67644757,997.5141099,41.64292784,0.9,257.2582411
25.34107901,17,97.80235718,127.0234048,54.60008647,0.9,182.387044
48.83210952,23,60.02372578,907.6292792,45.51176419,1,277.4205566
24.45988183,18,55.46321052,660.3674802,39.08817989,0.9,212.2123447
32.43872371,3,92.69809835,976.0443572,55.2066421,1,257.7864376
22.56049004,6,71.95749083,518.5085658,46.14048967,0.9,230.8571301
49.90622756,9,92.34844271,862.6491375,42.90538216,1,280.8582346
35.06585031,17,94.65451026,156.1546617,53.19927087,1.2,202.599965
37.86155052,18,53.12287968,401.7511451,36.6642129,0.9,189.2203633
22.01229432,3,94.17323815,160.314884,76.38728665,1,196.4846946
42.49881411,9,72.41595277,977.8088201,73.3851049,0.9,283.5791909
26.29716779,0,75.52162445,835.2765165,65.38102929,1,243.7256583
46.94162868,22,81.32962555,867.2926791,35.31069138,1,263.8423942
26.15418921,17,96.31913034,944.1687083,68.79386272,1,259.1332691
25.72063162,4,50.95580472,176.5931375,70.39786641,1,171.365986
21.09649004,14,73.84217342,447.0378333,68.38823089,1.2,216.7569939
34.16200835,16,84.38610212,163.9314001,35.69829436,0.9,180.1568035
36.945234,2,86.13534788,289.7137914,62.19539785,0.9,230.326838
21.97125918,11,84.62662158,306.4291993,71.71623979,1.2,185.6871949
43.2658285,1,56.72175647,522.1964899,58.86767006,1,220.2517376
33.59866504,0,64.96977942,341.7059507,62.32036876,1.2,193.6662278
35.73170808,22,67.93577627,190.8802961,52.91817397,1,185.7149281
33.22288241,20,90.22186038,250.7419802,56.43536599,1.2,215.4087918
32.02289183,16,63.93799362,232.5480072,31.71884292,1,170.5132089
36.78920994,21,60.53524819,975.7691181,61.9481511,1,261.3476439
24.65720738,15,97.87240095,783.3632562,34.07236064,1.2,251.7650577
25.45784391,4,50.44316426,970.9853187,51.75072972,1,249.1431958
45.85356863,14,99.89104278,495.7664379,44.63275488,0.9,242.346596
48.38346386,2,83.84106494,350.5316335,57.27139751,0.9,214.2091228
31.19927949,6,91.42346497,818.4638775,36.67081678,0.9,253.8029541
28.12234019,10,64.73096982,393.6285262,64.5821701,0.9,215.9166452
39.3199863,9,50.71576388,369.4450363,69.75057685,0.9,189.5883378
32.26202513,8,86.89347593,309.255393,38.16772249,1,194.6591226
20.76159067,13,91.70722985,216.7110804,35.21565437,1,166.5432755
24.68457792,12,87.0238066,330.8167549,37.27577414,1,202.8937303
41.47916687,1,57.14251437,419.7877736,73.85637809,1,228.1449869
39.76771826,2,87.67139611,706.5947873,56.40946309,0.9,252.3980904
20.81287978,6,88.44613911,156.308358,53.3630498,0.9,173.457924
26.65916486,20,82.92702578,289.4562457,35.33559096,0.9,183.5746821
26.9322439,17,88.30579664,828.1212763,62.47780034,1,254.2835891
40.15678231,2,92.29607198,232.2297312,73.39997959,0.9,211.5077084
20.59131613,9,80.68020571,408.3806319,71.40929347,0.9,219.1923248
23.12325746,21,54.4302357,878.1930297,61.30273545,1,235.2350871
43.99748256,6,74.38139048,239.43278,33.76393583,1.2,198.8119234
25.35633986,8,53.88246673,174.4631521,35.61985136,0.9,163.3038756
39.58238324,16,70.37715155,536.0841956,32.46544936,1,212.7549672
27.14548343,10,70.35532446,372.1775602,42.87396082,1,193.6702326
22.98324178,6,53.30049221,607.067528,36.78307336,1,210.1438982
27.29516573,23,67.4410267,823.4244014,43.00240201,1.2,247.9491406
41.66800796,13,55.54990494,223.4336393,49.25290279,0.9,186.7088617
45.67089404,18,90.4117605,622.6291761,77.1491392,0.9,246.1108735
44.90659594,3,97.3844013,554.9578844,60.51880299,1.2,256.2660548
31.91550589,5,53.61582376,229.6709074,71.74868928,1,177.8503203
40.0425541,9,97.75576036,661.598637,65.51757504,1,259.3352913
26.14952886,6,76.12882997,346.2763761,35.62515653,1,194.050896
28.79443191,12,64.9782839,539.0508867,66.79602032,1,217.8828813
46.89007456,13,53.84310376,174.0450918,43.75494408,1.2,178.0948409
20.39005771,3,75.0312134,513.6256515,61.95539235,1.2,217.9783235
22.56525593,7,89.72577722,375.8171212,47.04809868,1,168.790609
26.23658765,4,85.35432386,840.1430901,79.88361316,0.9,274.0105301
20.79596612,0,52.51130057,151.2808543,43.17757397,1.2,149.8487031
25.44306305,3,53.64509177,476.7465474,43.95652354,0.9,203.1181772
37.49124683,2,70.14366413,512.5882817,76.53361278,0.9,233.8339977
32.64273652,8,64.7645247,752.5054687,31.23222023,1.2,243.8664383
46.78015133,7,61.61921615,616.8588176,64.83444939,0.9,242.3474371
44.52330685,0,64.05022495,700.4911035,66.26631954,0.9,240.2816724
30.25452055,5,90.17413716,799.3443571,71.81892887,0.9,245.7232495
27.782703,8,96.46140268,875.9826763,78.72196553,1.2,266.1836895
31.39077225,6,70.25513473,382.4879471,78.78009596,1,192.5412544
37.70884828,3,95.30555011,584.2204348,33.26383788,1,229.9361915
28.04190922,12,66.07478506,856.0972706,71.09196614,0.9,250.4819306
38.72446724,16,73.82184932,990.5060179,62.31549668,1,268.7365895
32.28234957,1,61.30144989,900.5673799,62.36710672,1,255.6612112
36.56141543,4,82.02380211,434.3205364,36.41749633,0.9,213.2572958
33.08379587,11,98.94905576,275.6498655,62.50935832,1,208.9824932
28.83397279,20,80.1746548,540.4532837,79.12412903,0.9,207.6955665
48.45359921,7,67.89070421,767.4773067,75.59092848,1.2,247.1861889
42.90817382,5,82.3908723,543.3121637,51.95653304,1,241.8667188
24.20339527,7,56.14603392,534.862777,31.99739866,1.2,206.5637932
46.05403928,17,94.43295401,854.407379,48.1146745,0.9,256.5470815
34.62293595,2,75.15419754,425.2634012,71.31951558,1,211.0504605
46.83656681,21,72.4674871,873.8152073,65.07495507,1,281.3266579
43.99565768,11,79.29323942,466.1243209,52.96718278,1,220.1653446
32.75640513,2,81.23919314,395.4097951,32.75507676,1.2,203.0773153
20.67407925,21,53.58879031,508.5909201,51.34473639,0.9,215.0142248
28.06032078,5,84.13086106,786.2022628,53.45124699,0.9,246.5535144
36.24902644,1,62.09658402,213.4018251,76.42777664,1,189.2688346
39.00434659,22,85.69763163,276.7772943,62.05430518,1,208.7759472
27.73663056,11,91.12673972,956.3003431,45.58264583,1,285.5916103
24.18068222,1,90.19792538,257.9424646,56.26591322,0.9,202.5795473
45.0479071,5,77.62504837,610.9545861,33.30276539,1,236.1279544
49.53206542,16,76.00849462,621.38302,78.62841178,0.9,249.1131256
35.77070547,2,57.14379807,540.6620158,48.0029951,1,221.0437328
25.15037858,1,88.76730752,680.2707237,53.89336775,1,245.296037
28.1692198,22,63.57046902,306.8440532,47.76419871,1,178.6024902
20.5517203,19,74.83477114,597.396041,64.12558651,0.9,230.7023238
47.4289642,7,64.21370465,434.9559297,63.11160792,1,220.9675762
23.53253249,21,56.69141815,695.5005337,65.76611553,0.9,227.6996094
37.29549427,11,81.47788484,227.101189,43.40716148,0.9,188.4647152
28.22165662,3,52.71660174,613.7896752,45.78342406,1,210.0498006
36.62534008,4,87.43226171,266.7433198,36.26256155,1.2,188.2680807
39.54261165,12,65.87933976,350.7787568,62.77549859,0.9,198.7021028
44.89225411,14,50.00673465,296.8388203,31.98985637,1,193.9689118
26.19263815,22,75.55645696,264.5540019,59.88411678,1.2,187.6018086
20.32987486,15,52.34259543,843.1398564,73.48479424,1.2,223.7982448
24.1065689,9,63.80847789,357.1368109,74.54160741,0.9,222.0361839
47.00055926,22,85.34882437,934.4114037,52.45188802,1.2,266.205016
46.21670233,15,53.13448108,972.9338728,52.96518441,0.9,278.6445746
37.92239307,11,91.96692462,614.1344229,33.84845915,0.9,224.1247204
38.01550581,16,50.19099613,228.7010104,63.53825127,0.9,193.0045025
39.95110024,15,62.34119346,437.093419,71.06297102,1,215.6541064
25.26113836,11,87.04520281,817.959037,42.23275273,0.9,242.9066743
47.43235838,7,65.81350749,430.6516558,51.06504408,0.9,222.2047425
32.56311575,19,55.0946194,178.3154965,71.94196684,0.9,184.6345406
31.49415585,2,68.01169594,601.1064198,73.85602338,1.2,221.3439698
35.56753116,15,63.51966432,860.6087663,42.15899901,1.2,238.3450446
21.408979,12,92.13559511,816.3337484,57.52853173,0.9,237.347773
24.98850106,22,65.66739588,257.6108261,39.62465753,1.2,181.5286225
42.14100849,18,89.44662359,705.488153,35.09393821,1.2,234.9750671
22.48396004,7,94.59360724,298.4538371,75.55602507,1,207.8359124
38.09456328,21,71.69087098,296.3867811,71.02537521,0.9,214.1921566
27.36047329,4,95.49715719,886.664596,68.00174509,1,270.7844907
31.67886842,19,68.8659027,324.7020575,32.43831594,1.2,182.7464336
28.6608121,7,98.20392082,336.9226119,72.18643964,1,226.4669273
30.67018149,23,54.46447623,100.5880517,51.9022038,0.9,164.3181348
41.57137716,11,84.35096333,883.6021307,47.11975616,1,254.5871157
28.91365147,0,74.69070202,813.3353319,57.32381805,1,246.1696757
36.99213921,20,69.38244027,664.5960416,34.56766214,1,236.9828081
34.28151207,19,81.63559394,775.2391875,67.83232747,0.9,250.3724805
39.91013496,5,85.19285458,236.8437107,59.12175384,0.9,215.7272566
48.10489218,21,50.21816348,512.4912351,39.32950484,1.2,206.9377098
41.97716292,17,58.34765444,416.0974486,39.41160999,1.2,197.8466535
26.44821136,7,85.65230253,184.3988736,39.21243258,0.9,174.7275473
20.93549405,6,83.31927068,537.5174367,32.85011938,1.2,216.8519054
27.86792133,0,98.30237526,928.6656853,59.38992247,0.9,272.5966443
37.85233792,20,88.05188951,136.0532071,72.01740888,1,189.720739
21.5427744,15,97.53863539,362.3148221,30.8749107,1,197.5353892
34.89098742,11,85.12702508,286.7868426,32.45023225,1.2,166.1785465
37.90528547,5,64.90261043,314.3319883,58.63851383,1.2,207.5800102
30.02731672,19,55.26824611,917.5910967,70.97478427,0.9,254.000055
43.12736611,1,89.09119317,521.2621488,46.33694453,1.2,209.0124062
23.19794759,13,82.20746107,519.6694716,47.48071994,0.9,202.3064373
22.25413345,3,52.40930062,784.5180782,59.81732487,1,226.1890217
41.84566269,0,68.0025233,239.0429836,43.71064446,1,181.3535759
34.86473949,22,97.83999077,538.5388187,31.3304183,1,237.9982876
40.65207189,17,75.02005729,486.9866927,66.76142591,0.9,233.9445121
33.04482016,12,71.6364568,637.2196215,61.28249565,1.2,235.9561548
27.392061,1,72.88498026,999.6019329,59.03779995,0.9,240.9842029
44.57306953,8,60.4441362,792.5040047,67.08420645,0.9,251.001602
43.98247637,20,68.43535854,458.0791327,63.76154188,1,217.3638717
40.84089413,1,68.4906628,844.797747,40.29409941,1,243.9455067
28.16435412,8,52.61775101,253.637527,47.62405235,1.2,172.3395744
37.70692001,0,88.37838143,127.4173177,36.30550708,0.9,177.7257285
30.82921691,10,70.8252216,284.0035352,36.49285067,0.9,192.5764004
22.7474622,2,91.10899434,406.3704005,63.80978732,1.2,219.1979567
47.51940726,19,92.51740006,559.5226817,72.93000535,1,258.909333
24.10455893,22,60.59970273,653.6162265,78.13662919,0.9,228.0069974
48.50712061,3,82.86767411,919.5451455,61.41735588,1,300.6116518
33.38017319,17,73.61409021,558.8686086,39.20506617,1,232.5593155
